{
  "dimensions": [
    20,
    20
  ],
  "obstacles": [
    {
      "center": [
        6.635322812938577,
        12.216337254754388
      ],
      "width": 1.7451038581560923,
      "height": 1.8116430979018383,
      "theta": 0.46420205385526353,
      "corners": [
        [
          6.260649971777635,
          11.015720825757162
        ],
        [
          5.449560259846551,
          12.63565421740477
        ],
        [
          7.009995654099519,
          13.416953683751613
        ],
        [
          7.821085366030603,
          11.797020292104005
        ]
      ]
    },
    {
      "center": [
        11.487378444112458,
        14.391027218055333
      ],
      "width": 1.2668378486640164,
      "height": 1.7983173422495253,
      "theta": 5.893591072293575,
      "corners": [
        [
          10.559913643296852,
          13.799829372314305
        ],
        [
          11.24293810627001,
          15.463386659099351
        ],
        [
          12.414843244928065,
          14.982225063796362
        ],
        [
          11.731818781954907,
          13.318667777011315
        ]
      ]
    },
    {
      "center": [
        5.842453597042702,
        6.143769328679802
      ],
      "width": 1.31449564098591,
      "height": 1.8188640948634658,
      "theta": 2.918625950104533,
      "corners": [
        [
          6.684528851434501,
          6.885355879514971
        ],
        [
          6.28233460770429,
          5.111516431905978
        ],
        [
          5.000378342650904,
          5.402182777844634
        ],
        [
          5.4025725863811145,
          7.176022225453627
        ]
      ]
    }
  ]
}